year,country,LCCR,FCDR,KAOPEN,SP,DDP,GDP_per_cap,inflation,remittance_GDP,country_type,high_inflation,LCCR_risk,FCDR_risk,KAOPEN_risk,sovereignty_risk
2019,US,8.2,0.4,2.35,0.1,100,65000,1.8,0.0,发达,0,0.9518072289156627,0.0014771048744460862,0.0,0.38131373351604353
2019,China,11.0,1.0,-1.19,0.0,60,10200,2.9,0.2,新兴,0,0.783132530120482,0.010339734121122598,0.8349056603773585,0.48437003777211357
2019,Argentina,24.0,50.0,-1.89,0.5,65,11000,53.5,0.3,新兴,1,0.0,0.7341211225997046,1.0,0.49364844903988186
2019,Guinea,16.0,18.0,-1.2,0.2,45,1100,9.1,1.5,发展中,0,0.4819277108433736,0.26144756277695713,0.8372641509433962,0.46480293963681163
2019,Fiji,14.0,4.5,1.5,0.1,48,5000,3.5,6.5,发展中,0,0.6024096385542169,0.0620384047267356,0.20047169811320764,0.30587355693502255
2019,Japan,19.0,1.5,1.9,0.01,62,40000,0.5,0.1,发达,0,0.3012048192771085,0.017725258493353026,0.10613207547169812,0.14879844620252425
2020,US,8.0,0.3,2.35,0.2,100,63000,1.2,0.0,发达,0,0.963855421686747,0.0,0.0,0.3855421686746988
2020,China,10.5,1.2,-1.19,0.0,59,10400,2.4,0.2,新兴,0,0.8132530120481928,0.01329394387001477,0.8349056603773585,0.49759991444275475
2020,Argentina,21.0,52.0,-1.89,1.0,68,8500,42.0,0.3,新兴,1,0.1807228915662652,0.7636632200886263,1.0,0.5777544446619567
2020,Guinea,15.5,20.0,-1.2,0.3,47,1200,10.8,1.6,发展中,0,0.5120481927710844,0.29098966026587886,0.8372641509433962,0.48866797140346463
2020,Fiji,13.8,4.8,1.5,0.15,49,4800,0.1,6.8,发展中,0,0.6144578313253013,0.06646971935007386,0.20047169811320764,0.31246535989279156
2020,Japan,18.5,1.7,1.9,0.02,61,40000,-0.0,0.1,发达,0,0.3313253012048194,0.020679468242245196,0.10613207547169812,0.16202832287316546
2021,US,7.9,0.3,2.35,0.3,100,70000,4.7,0.0,发达,0,0.9698795180722891,0.0,0.0,0.38795180722891565
2021,China,10.2,1.5,-1.19,0.05,58,12500,0.9,0.2,新兴,0,0.8313253012048194,0.017725258493353026,0.8349056603773585,0.5066013559547407
2021,Argentina,19.0,55.0,-1.89,2.0,72,10500,48.4,0.3,新兴,1,0.3012048192771085,0.8079763663220089,1.0,0.643672474239647
2021,Guinea,14.5,22.0,-1.2,0.4,50,1300,12.0,1.7,发展中,0,0.572289156626506,0.3205317577548006,0.8372641509433962,0.5245811959412019
2021,Fiji,13.5,5.0,1.5,0.2,50,4900,1.7,7.0,发展中,0,0.6325301204819278,0.06942392909896603,0.20047169811320764,0.3208759594549991
2021,Japan,18.2,1.8,1.9,0.03,60,40000,-0.2,0.1,发达,0,0.3493975903614459,0.022156573116691284,0.10613207547169812,0.16984808048559452
2022,US,7.7,0.3,2.35,0.4,100,76000,8.0,0.0,发达,0,0.9819277108433735,0.0,0.0,0.3927710843373494
2022,China,9.8,2.0,-1.19,0.08,57,12700,2.0,0.2,新兴,0,0.8554216867469879,0.025110782865583454,0.8349056603773585,0.5191941199205004
2022,Argentina,17.0,58.0,-1.89,3.5,75,13700,94.8,0.3,新兴,1,0.42168674698795183,0.8522895125553914,1.0,0.7095905038173373
2022,Guinea,13.5,25.0,-1.2,0.6,52,1200,11.8,1.8,发展中,0,0.6325301204819278,0.36484490398818314,0.8372641509433962,0.5664028399767237
2022,Fiji,13.0,5.5,1.5,0.25,51,5200,1.1,7.2,发展中,0,0.6626506024096386,0.07680945347119646,0.20047169811320764,0.33587836197497556
2022,Japan,17.8,2.0,1.9,0.04,59,34000,2.5,0.1,发达,0,0.37349397590361444,0.025110782865583454,0.10613207547169812,0.1806683186020188
2023,US,7.6,0.3,2.35,0.45,100,81000,4.1,0.0,发达,0,0.9879518072289157,0.0,0.0,0.3951807228915663
2023,China,9.5,2.2,-1.0,0.1,56,12600,0.2,0.2,新兴,0,0.8734939759036144,0.028064992614475627,0.7900943396226415,0.5186424553317643
2023,Argentina,16.0,62.0,-1.5,4.5,80,13500,211.4,0.3,新兴,1,0.4819277108433736,0.9113737075332349,0.9080188679245284,0.738924340935549
2023,Guinea,12.5,28.0,-1.0,0.7,54,1200,7.8,1.9,发展中,0,0.6927710843373495,0.4091580502215657,0.7900943396226415,0.5987905217480944
2023,Fiji,12.5,6.0,1.6,0.3,52,5300,5.1,7.3,发展中,0,0.6927710843373495,0.08419497784342689,0.17688679245283023,0.3461637833628766
2023,Japan,17.5,2.2,1.95,0.05,58,33800,3.3,0.1,发达,0,0.39156626506024106,0.028064992614475627,0.09433962264150952,0.1867204275981886
2024,US,7.5,0.3,2.35,0.5,100,85000,3.0,0.0,发达,0,0.9939759036144579,0.0,0.0,0.3975903614457832
2024,China,9.2,2.5,-1.0,0.12,55,12500,0.2,0.2,新兴,0,0.8915662650602411,0.03249630723781389,0.7900943396226415,0.5276438968437503
2024,Argentina,15.0,65.0,-1.5,5.0,82,13000,276.2,0.3,新兴,1,0.5421686746987953,0.9556868537666174,0.9080188679245284,0.7807459849710707
2024,Guinea,11.5,30.0,-1.0,0.8,55,1200,6.5,2.0,发展中,0,0.7530120481927711,0.43870014771048743,0.7900943396226415,0.6347037462858318
2024,Fiji,12.0,6.5,1.6,0.35,53,5400,2.5,7.5,发展中,0,0.7228915662650603,0.0915805022156573,0.17688679245283023,0.3611661858828531
2024,Japan,17.2,2.5,1.95,0.06,57,33100,2.5,0.1,发达,0,0.40963855421686757,0.03249630723781389,0.09433962264150952,0.1957218691101745
2025,US,7.4,0.3,2.35,0.55,100,87000,2.5,0.0,发达,0,1.0,0.0,0.0,0.4
2025,China,9.0,2.8,-1.0,0.15,54,12700,1.5,0.2,新兴,0,0.9036144578313253,0.03692762186115214,0.7900943396226415,0.5342356998015193
2025,Argentina,14.0,68.0,-1.5,5.5,85,12800,50.0,0.3,新兴,1,0.6024096385542169,1.0,0.9080188679245284,0.8225676290065924
2025,Guinea,10.5,32.0,-1.0,0.9,56,1200,8.0,2.1,发展中,0,0.8132530120481928,0.4682422451994091,0.7900943396226415,0.6706169708235692
2025,Fiji,11.5,7.0,1.6,0.4,54,5500,3.0,7.6,发展中,0,0.7530120481927711,0.09896602658788774,0.17688679245283023,0.37616858840282963
2025,Japan,17.0,2.8,1.95,0.07,56,32800,2.0,0.1,发达,0,0.42168674698795183,0.03692762186115214,0.09433962264150952,0.2023136720679435
